id,name,organizer,award,award_year,award_date,category,evidence_url,project_url,inspection_depth,retrieved_at
AW-001,Bears Gratitude,Apple Design Awards,Winner,2024,,Delight and Fun,https://developer.apple.com/design/awards/2024/,,D0,2026-09-16
AW-002,Blackbox,Apple Design Awards,Winner,2024,,Spatial Computing,https://developer.apple.com/design/awards/2024/,,D0,2026-09-16
AW-003,Crayola Adventures,Apple Design Awards,Winner,2024,,Inclusivity,https://developer.apple.com/design/awards/2024/,,D0,2026-09-16
AW-004,Crouton,Apple Design Awards,Winner,2024,,Interaction,https://developer.apple.com/design/awards/2024/,https://crouton.app/,D1,2026-09-16
AW-005,djay,Apple Design Awards,Winner,2024,,Spatial Computing,https://developer.apple.com/design/awards/2024/,,D0,2026-09-16
AW-006,Gentler Streak Fitness Tracker,Apple Design Awards,Winner,2024,,Social Impact,https://developer.apple.com/design/awards/2024/,,D0,2026-09-16
AW-007,Lies of P,Apple Design Awards,Winner,2024,,Visuals and Graphics,https://developer.apple.com/design/awards/2024/,,D0,2026-09-16
AW-008,Lost in Play,Apple Design Awards,Winner,2024,,Innovation,https://developer.apple.com/design/awards/2024/,,D0,2026-09-16
AW-009,NYT Games,Apple Design Awards,Winner,2024,,Delight and Fun,https://developer.apple.com/design/awards/2024/,,D0,2026-09-16
AW-010,oko,Apple Design Awards,Winner,2024,,Inclusivity,https://developer.apple.com/design/awards/2024/,,D0,2026-09-16
AW-011,Procreate Dreams,Apple Design Awards,Winner,2024,,Innovation,https://developer.apple.com/design/awards/2024/,,D1,2026-09-16
AW-012,Rooms,Apple Design Awards,Winner,2024,,Visuals and Graphics,https://developer.apple.com/design/awards/2024/,,D0,2026-09-16
AW-013,Rytmos,Apple Design Awards,Winner,2024,,Interaction,https://developer.apple.com/design/awards/2024/,,D0,2026-09-16
AW-014,The Wreck,Apple Design Awards,Winner,2024,,Social Impact,https://developer.apple.com/design/awards/2024/,,D0,2026-09-16
AW-015,Art of Fauna,Apple Design Awards,Winner,2025,,Inclusivity,https://developer.apple.com/design/awards/2025/,,D0,2026-09-16
AW-016,Balatro,Apple Design Awards,Winner,2025,,Delight and Fun,https://developer.apple.com/design/awards/2025/,,D0,2026-09-16
AW-017,CapWords,Apple Design Awards,Winner,2025,,Delight and Fun,https://developer.apple.com/design/awards/2025/,,D0,2026-09-16
AW-018,DREDGE,Apple Design Awards,Winner,2025,,Interaction,https://developer.apple.com/design/awards/2025/,,D0,2026-09-16
AW-019,Feather: Draw in 3D,Apple Design Awards,Winner,2025,,Visuals and Graphics,https://developer.apple.com/design/awards/2025/,,D0,2026-09-16
AW-020,Infinity Nikki,Apple Design Awards,Winner,2025,,Visuals and Graphics,https://developer.apple.com/design/awards/2025/,,D0,2026-09-16
AW-021,Neva,Apple Design Awards,Winner,2025,,Social Impact,https://developer.apple.com/design/awards/2025/,,D0,2026-09-16
AW-022,PBJ — The Musical,Apple Design Awards,Winner,2025,,Innovation,https://developer.apple.com/design/awards/2025/,,D0,2026-09-16
AW-023,Play,Apple Design Awards,Winner,2025,,Innovation,https://developer.apple.com/design/awards/2025/,,D0,2026-09-16
AW-024,Speechify,Apple Design Awards,Winner,2025,,Inclusivity,https://developer.apple.com/design/awards/2025/,,D0,2026-09-16
AW-025,Taobao,Apple Design Awards,Winner,2025,,Interaction,https://developer.apple.com/design/awards/2025/,,D0,2026-09-16
AW-026,Watch Duty: Wildfire Maps,Apple Design Awards,Winner,2025,,Social Impact,https://developer.apple.com/design/awards/2025/,https://www.watchduty.org/,D1,2026-09-16
AW-027,/nk.studio,CSS Design Awards,Website of the Day,2025,2025-06-17,agency,https://www.cssdesignawards.com/sites/nk-studio/47619/,https://www.nk.studio/,D0,2026-09-16
AW-028,21 TSI,CSS Design Awards,Website of the Day,2025,2025-03-28,sport,https://www.cssdesignawards.com/sites/21-tsi/47251,https://21tsi.com/,D0,2026-09-16
AW-029,24/7 Artists,CSS Design Awards,Website of the Day,2025,2025-03-22,other,https://www.cssdesignawards.com/sites/24-7-artists/47235/,https://247artists.com,D0,2026-09-16
AW-030,365 — A Year of Cartier,CSS Design Awards,Website of the Day,2025,2025-02-04,fashion,https://www.cssdesignawards.com/sites/365-a-year-of-cartier/46977/,https://365ayearof.cartier.com/en/,D0,2026-09-16
AW-031,3D Web Lab 2.0,CSS Design Awards,Website of the Day,2025,2025-02-13,agency,https://www.cssdesignawards.com/sites/3d-web-lab/46828/,http://3dweblab.com,D0,2026-09-16
AW-032,Above the Clouds - 111W 57S,CSS Design Awards,Website of the Day,2025,2025-04-28,real estate,https://www.cssdesignawards.com/sites/above-the-clouds-111w-57s/47359/,https://quadplex80.com/,D0,2026-09-16
AW-033,Adaline,CSS Design Awards,Website of the Day,2025,2025-07-03,web design/dev,https://www.cssdesignawards.com/sites/adaline/47686/,https://www.adaline.ai/,D0,2026-09-16
AW-034,Aether 1,CSS Design Awards,Website of the Day,2025,2025-07-14,products,https://www.cssdesignawards.com/sites/aether-1/47751/,https://www.aether1.ai/,D0,2026-09-16
AW-035,Ahadi Foundation,CSS Design Awards,Website of the Day,2025,2025-01-10,other,https://www.cssdesignawards.com/sites/ahadi-foundation/46806/,https://ahadi-foundation.org/en/,D0,2026-09-16
AW-036,Alphazet Font Playground,CSS Design Awards,Website of the Day,2025,2025-07-18,graphic design,https://www.cssdesignawards.com/sites/alphazet-font-playground/47789/,https://alphazet.typeforward.com/,D0,2026-09-16
AW-037,Altermind,CSS Design Awards,Website of the Day,2025,2025-03-20,agency,https://www.cssdesignawards.com/sites/altermind/47227/,https://www.altermind.studio/,D0,2026-09-16
AW-038,Astral Frontier,CSS Design Awards,Website of the Day,2025,2025-02-20,web design/dev,https://www.cssdesignawards.com/sites/astral-frontier/47074,https://theastralfrontier.com/,D0,2026-09-16
AW-039,Atoll Digital,CSS Design Awards,Website of the Day,2025,2025-02-25,web design/dev,https://www.cssdesignawards.com/sites/atoll-digital/47108/,https://atolldigital.com/,D0,2026-09-16
AW-040,AVISION,CSS Design Awards,Website of the Day,2025,2025-09-30,photography,https://www.cssdesignawards.com/sites/avision/48073/,https://avision.vawl.dev/,D0,2026-09-16
AW-041,BETC Fullsix,CSS Design Awards,Website of the Day,2025,2025-02-14,agency,https://www.cssdesignawards.com/sites/betc-fullsix/46869/,https://betcfullsix.com/,D0,2026-09-16
AW-042,Canopy Planet,CSS Design Awards,Website of the Day,2025,2025-03-31,services,https://www.cssdesignawards.com/sites/canopy-planet/47253/,https://canopyplanet.org/,D0,2026-09-16
AW-043,CARTAPANI,CSS Design Awards,Website of the Day,2025,2025-03-06,food/drink,https://www.cssdesignawards.com/sites/cartapani/47146/,https://cartapani.it/en/,D0,2026-09-16
AW-044,Cartier Watches and Wonders 2025,CSS Design Awards,Website of the Day,2025,2025-07-16,products,https://cssdesignawards.com/sites/cartier-watches-and-wonders-2025/47763/,https://www.cartier.com/en-fr/watchesandwonders,D0,2026-09-16
AW-045,Cask Exchange,CSS Design Awards,Website of the Day,2025,2025-01-03,services,https://www.cssdesignawards.com/sites/cask-exchange/46791,https://www.caskexchange.com/,D0,2026-09-16
AW-046,Charles Leclerc,CSS Design Awards,Website of the Day,2025,2025-06-23,sport,https://www.cssdesignawards.com/sites/charles-leclerc/47642/,https://charlesleclerc.com/en/,D0,2026-09-16
AW-047,Chipsa,CSS Design Awards,Website of the Day,2025,2025-08-23,agency,https://www.cssdesignawards.com/sites/chipsa/47919/,https://chipsa.design/,D0,2026-09-16
AW-048,Colabs,CSS Design Awards,Website of the Day,2025,2025-08-24,services,https://www.cssdesignawards.com/sites/colabs/47352/,https://colabs.com.au/,D0,2026-09-16
AW-049,Colombo NDT,CSS Design Awards,Website of the Day,2025,2025-06-02,services,https://www.cssdesignawards.com/sites/colombo-ndt/47526/,https://www.colombondt.com/,D0,2026-09-16
AW-050,ComPsych Brand Hub,CSS Design Awards,Website of the Day,2025,2025-08-05,web design/dev,https://www.cssdesignawards.com/sites/compsych-brand-hub/47858,https://compsych.konpo.co/,D0,2026-09-16
AW-051,DASS,CSS Design Awards,Website of the Day,2025,2025-04-03,web design/dev,https://www.cssdesignawards.com/sites/dass/47263/,http://dass.it/en/?jury,D0,2026-09-16
AW-052,DayLoog,CSS Design Awards,Website of the Day,2025,2025-08-25,blog,https://www.cssdesignawards.com/sites/dayloog/47306/,https://dayloog.com/,D0,2026-09-16
AW-053,Dayos,CSS Design Awards,Website of the Day,2025,2025-05-23,services,https://www.cssdesignawards.com/sites/dayos/47483/,https://dayos.timestwo.design,D0,2026-09-16
AW-054,Digital Design Days X,CSS Design Awards,Website of the Day,2025,2025-05-31,entertainment,https://www.cssdesignawards.com/sites/digital-design-days-x/47532/,https://palermo.ddd.live/?jury,D0,2026-09-16
AW-055,Dipsy Studio,CSS Design Awards,Website of the Day,2025,2025-01-19,agency,https://www.cssdesignawards.com/sites/dipsy-studio/46813/,https://eng.dipsy.team/,D0,2026-09-16
AW-056,Double Play,CSS Design Awards,Website of the Day,2025,2025-07-24,web design/dev,https://cssdesignawards.com/sites/double-play/47808/,https://www.doubleplay.studio,D0,2026-09-16
AW-057,Dropbox Brand,CSS Design Awards,Website of the Day,2025,2025-01-28,web design/dev,https://www.cssdesignawards.com/sites/dropbox-brand/46960/,https://brand.dropbox.com/,D1,2026-09-16
AW-058,Duroc,CSS Design Awards,Website of the Day,2025,2025-06-18,food/drink,https://www.cssdesignawards.com/sites/duroc/47606,https://duroc.ma/en/,D0,2026-09-16
AW-059,Dynamic Infinity - Expo 2025,CSS Design Awards,Website of the Day,2025,2025-06-12,web design/dev,https://www.cssdesignawards.com/sites/dynamic-infinity-expo-2025/47605/,https://dynamicinfinity.global.ntt/,D0,2026-09-16
AW-060,Eliot BESSON — Portfolio 2025,CSS Design Awards,Website of the Day,2025,2025-08-10,web design/dev,https://www.cssdesignawards.com/sites/eliot-besson-portfolio-2025/47572/,https://www.eliotbesson.com/,D0,2026-09-16
AW-061,Ellis Brigham,CSS Design Awards,Website of the Day,2025,2025-04-27,sport,https://www.cssdesignawards.com/sites/ellis-brigham/47324/,https://www.ellis-brigham.com/,D0,2026-09-16
AW-062,Elodie Kimmel,CSS Design Awards,Website of the Day,2025,2025-07-10,art,https://www.cssdesignawards.com/sites/elodie-kimmel/47716/,https://www.elodiekimmel.fr/,D0,2026-09-16
AW-063,Ethical Life,CSS Design Awards,Website of the Day,2025,2025-07-23,food/drink,https://www.cssdesignawards.com/sites/ethical-life/47814/,https://ethicallifeworld.com/,D0,2026-09-16
AW-064,e—b agency,CSS Design Awards,Website of the Day,2025,2025-08-07,agency,https://www.cssdesignawards.com/sites/e-b-agency/47875/,https://www.e-b-agency.com,D0,2026-09-16
AW-065,FANCY,CSS Design Awards,Website of the Day,2025,2025-02-11,web design/dev,https://www.cssdesignawards.com/sites/fancy/47042,https://fancy.design,D0,2026-09-16
AW-066,Filip Felbar — Portfolio 2025,CSS Design Awards,Website of the Day,2025,2025-01-25,agency,https://www.cssdesignawards.com/sites/filip-felbar-portfolio-2025/46898/,https://www.filipfelbar.com/,D0,2026-09-16
AW-067,ForAI | AI-Focused Design Studio,CSS Design Awards,Website of the Day,2025,2025-04-24,agency,https://www.cssdesignawards.com/sites/forai-ai-focused-design-studio/47376,https://forai.design,D0,2026-09-16
AW-068,FourDesign Agency,CSS Design Awards,Website of the Day,2025,2025-04-04,agency,https://www.cssdesignawards.com/sites/fourdesign-agency/47262,https://www.fourdesign.agency/,D0,2026-09-16
AW-069,Green Stack,CSS Design Awards,Website of the Day,2025,2025-03-21,products,https://www.cssdesignawards.com/sites/green-stack/47213/,https://greenstack.zajno.com/,D0,2026-09-16
AW-070,Homerun,CSS Design Awards,Website of the Day,2025,2025-07-20,agency,https://www.cssdesignawards.com/sites/homerun/47312/,https://homerun.today/,D0,2026-09-16
AW-071,Hungry Tiger,CSS Design Awards,Website of the Day,2025,2025-06-29,food/drink,https://cssdesignawards.com/sites/hungry-tiger/47670/,https://www.eathungrytiger.com/,D0,2026-09-16
AW-072,JIII ATELIER,CSS Design Awards,Website of the Day,2025,2025-07-25,web design/dev,https://www.cssdesignawards.com/sites/jiii-atelier/47817/,https://jiii-atelier.com,D0,2026-09-16
AW-073,Jords+Co Studio,CSS Design Awards,Website of the Day,2025,2025-08-14,agency,https://www.cssdesignawards.com/sites/jords-co-studio/47882/,https://www.jords.co.uk/,D0,2026-09-16
AW-074,Kultiveret,CSS Design Awards,Website of the Day,2025,2025-07-19,travel,https://www.cssdesignawards.com/sites/kultiveret/47305/,http://kultiveret.com,D0,2026-09-16
AW-075,La Petite Jumelle,CSS Design Awards,Website of the Day,2025,2025-02-12,services,https://www.cssdesignawards.com/sites/la-petite-jumelle/47050/,https://www.lapetitejumelle.com/,D0,2026-09-16
AW-076,Lacoste Members Experience,CSS Design Awards,Website of the Day,2025,2025-01-30,fashion,https://www.cssdesignawards.com/sites/lacoste-members-experience/46965,https://membersexperience-create.lacoste.com/,D0,2026-09-16
AW-077,Las Puertas de Barceloneta,CSS Design Awards,Website of the Day,2025,2025-03-11,photography,https://www.cssdesignawards.com/sites/las-puertas-de-barceloneta/47174/,https://barcelonadoors.art/,D0,2026-09-16
AW-078,Lax Space,CSS Design Awards,Website of the Day,2025,2025-08-29,web design/dev,https://www.cssdesignawards.com/sites/lax-space/47933/,https://laxspace.co/,D0,2026-09-16
AW-079,LEOLEO,CSS Design Awards,Website of the Day,2025,2025-05-24,agency,https://www.cssdesignawards.com/sites/leoleo/47519/,https://www.leoleo.studio/,D0,2026-09-16
AW-080,Lumos Marketing,CSS Design Awards,Website of the Day,2025,2025-01-15,agency,https://www.cssdesignawards.com/sites/lumos-marketing/46835/,https://www.lumos-marketing.com,D0,2026-09-16
AW-081,Madam Speaker,CSS Design Awards,Website of the Day,2025,2025-04-18,community,https://www.cssdesignawards.com/sites/madam-speaker/47351/,https://madamspeaker.org.au/,D0,2026-09-16
AW-082,Michael Brown,CSS Design Awards,Website of the Day,2025,2025-06-20,agency,https://www.cssdesignawards.com/sites/michael-brown/47621/,https://www.mbrown.work,D0,2026-09-16
AW-083,Monads,CSS Design Awards,Website of the Day,2025,2025-10-10,services,https://www.cssdesignawards.com/sites/monads/48176/,https://www.monads.ch/,D0,2026-09-16
AW-084,Montfort,CSS Design Awards,Website of the Day,2025,2025-05-27,products,https://www.cssdesignawards.com/sites/montfort/47521/,https://mont-fort.com/,D0,2026-09-16
AW-085,MØM - Matter Of Mind,CSS Design Awards,Website of the Day,2025,2025-08-13,agency,https://www.cssdesignawards.com/sites/m-m-matter-of-mind/47885/,https://matter-of-mind.fr/en/,D0,2026-09-16
AW-086,Namada,CSS Design Awards,Website of the Day,2025,2025-01-06,web design/dev,https://cssdesignawards.com/sites/namada/46710/,https://namada.net/,D0,2026-09-16
AW-087,New Academics,CSS Design Awards,Website of the Day,2025,2025-02-23,real estate,https://www.cssdesignawards.com/sites/new-academics/47096/,https://new-academics.space/,D0,2026-09-16
AW-088,New Layer Capital,CSS Design Awards,Website of the Day,2025,2025-03-12,services,https://www.cssdesignawards.com/sites/new-layer-capital/47171/,https://nlc.obys.agency/,D0,2026-09-16
AW-089,NEW SUSHISM,CSS Design Awards,Website of the Day,2025,2025-03-07,food/drink,https://www.cssdesignawards.com/sites/new-sushism/47163/,https://new-sushism.jp/,D0,2026-09-16
AW-090,NIKI Studio,CSS Design Awards,Website of the Day,2025,2025-01-20,agency,https://www.cssdesignawards.com/sites/niki-studio/46861/,https://bynikistudio.com/,D0,2026-09-16
AW-091,OH Architecture,CSS Design Awards,Website of the Day,2025,2025-07-26,real estate,https://www.cssdesignawards.com/sites/oh-architecture/47821/,https://www.oharchitecture.com.au/,D0,2026-09-16
AW-092,Olivier OUENDENO Portfolio 2025,CSS Design Awards,Website of the Day,2025,2025-07-17,web design/dev,https://www.cssdesignawards.com/sites/olivier-ouendeno-portfolio-2025/47783/,https://www.olouen.com,D0,2026-09-16
AW-093,Only,CSS Design Awards,Website of the Day,2025,2025-03-14,agency,https://www.cssdesignawards.com/sites/only/47185/,https://only.digital/en,D0,2026-09-16
AW-094,Osmo,CSS Design Awards,Website of the Day,2025,2025-05-14,products,https://www.cssdesignawards.com/sites/osmo/47421/,https://www.osmo.supply/,D0,2026-09-16
AW-095,Plasma,CSS Design Awards,Website of the Day,2025,2025-04-05,products,https://www.cssdesignawards.com/sites/plasma/47265/,https://www.plasma.to/,D0,2026-09-16
AW-096,Praxis Leandra Isler,CSS Design Awards,Website of the Day,2025,2025-03-18,wellbeing,https://www.cssdesignawards.com/sites/praxis-leandra-isler/47203/,https://www.leandra-isler.ch/en,D0,2026-09-16
AW-097,Promeat,CSS Design Awards,Website of the Day,2025,2025-08-02,food/drink,https://www.cssdesignawards.com/sites/promeat/47856,https://promeat.chipsa.design/,D0,2026-09-16
AW-098,REJOUICE®,CSS Design Awards,Website of the Day,2025,2025-01-31,agency,https://www.cssdesignawards.com/sites/rejouice/46959/,https://www.rejouice.com,D0,2026-09-16
AW-099,Sephora Pinball,CSS Design Awards,Website of the Day,2025,2025-02-02,entertainment,https://www.cssdesignawards.com/sites/sephora-pinball/46975/,https://sephora-pinball.cosmicshelter.com/,D0,2026-09-16
AW-100,Seriti,CSS Design Awards,Website of the Day,2025,2025-04-16,entertainment,https://www.cssdesignawards.com/sites/seriti/47326/,https://www.seriti.tv/,D0,2026-09-16
AW-101,Solana Payouts,CSS Design Awards,Website of the Day,2025,2025-01-27,services,https://www.cssdesignawards.com/sites/solana-payouts/46670/,https://solana-db.webflow.io/,D0,2026-09-16
AW-102,Spellverse,CSS Design Awards,Website of the Day,2025,2025-02-07,community,https://www.cssdesignawards.com/sites/spellverse/46964,https://spellverse.taprootwizards.com/,D0,2026-09-16
AW-103,Sperotto,CSS Design Awards,Website of the Day,2025,2025-02-15,services,https://www.cssdesignawards.com/sites/sperotto/46873/,https://www.sperottospa.com/en,D0,2026-09-16
AW-104,Studio—CC,CSS Design Awards,Website of the Day,2025,2025-05-05,web design/dev,https://www.cssdesignawards.com/sites/studio-cc/47379/,https://chriscarruthers.co.uk,D0,2026-09-16
AW-105,SUMMONER,CSS Design Awards,Website of the Day,2025,2025-04-11,agency,https://www.cssdesignawards.com/sites/summoner/47301/,https://summoner.studio/,D0,2026-09-16
AW-106,Sun Hung — Web/UIUX Portfolio,CSS Design Awards,Website of the Day,2025,2025-08-30,web design/dev,https://www.cssdesignawards.com/sites/sun-hung-web-uiux-portfolio/47943/,https://www.sunhung.net/,D0,2026-09-16
AW-107,Supersolid,CSS Design Awards,Website of the Day,2025,2025-07-28,agency,https://www.cssdesignawards.com/sites/supersolid/47827/,https://www.supersolid.agency/,D0,2026-09-16
AW-108,TA Design,CSS Design Awards,Website of the Day,2025,2025-05-13,services,https://www.cssdesignawards.com/sites/ta-design/47405/,https://www.tadesign.nl/,D0,2026-09-16
AW-109,The Symphony Of Vines,CSS Design Awards,Website of the Day,2025,2025-07-11,food/drink,https://www.cssdesignawards.com/sites/the-symphony-of-vines/47747/,http://www.symphonyofvines.com,D0,2026-09-16
AW-110,Tripletta Pizza,CSS Design Awards,Website of the Day,2025,2025-03-27,food/drink,https://www.cssdesignawards.com/sites/tripletta-pizza/47250/,https://www.triplettapizza.com/,D0,2026-09-16
AW-111,Two People Studio,CSS Design Awards,Website of the Day,2025,2025-04-14,web design/dev,https://www.cssdesignawards.com/sites/two-people-studio/47268/,https://twopeoplestudio.co/,D0,2026-09-16
AW-112,URPAL,CSS Design Awards,Website of the Day,2025,2025-07-04,web design/dev,https://www.cssdesignawards.com/sites/urpal/47695,https://www.urpal.com,D0,2026-09-16
AW-113,Victor Berbel — Portfolio (2025),CSS Design Awards,Website of the Day,2025,2025-06-01,agency,https://www.cssdesignawards.com/sites/victor-berbel-portfolio-2025/47530/,https://www.victorberbel.work/,D0,2026-09-16
AW-114,Virtual Well-Being Hub,CSS Design Awards,Website of the Day,2025,2025-04-10,wellbeing,https://www.cssdesignawards.com/sites/virtual-well-being-hub/47291/,https://virtualwellbeinghub.ca/,D0,2026-09-16
AW-115,Visualbusiness,CSS Design Awards,Website of the Day,2025,2025-04-15,services,https://www.cssdesignawards.com/sites/visualbusiness/47304/,https://www.vvisual.biz/,D0,2026-09-16
AW-116,We are Büro,CSS Design Awards,Website of the Day,2025,2025-05-02,agency,https://www.cssdesignawards.com/sites/we-are-buro/47381/,https://burocratik.com/,D0,2026-09-16
AW-117,WHO IS GUILTY,CSS Design Awards,Website of the Day,2025,2025-08-12,web design/dev,https://www.cssdesignawards.com/sites/who-is-guilty/47321/,https://whoisguilty.com/,D0,2026-09-16
AW-118,Yellow Fellow,CSS Design Awards,Website of the Day,2025,2025-02-09,agency,https://www.cssdesignawards.com/sites/yellow-fellow/47033/,https://yellowfellow.tv,D0,2026-09-16
AW-119,Your Creative Agency,CSS Design Awards,Website of the Day,2025,2025-01-14,agency,https://www.cssdesignawards.com/sites/your-creative-agency/46837/,https://yourcreative.com.au/,D0,2026-09-16
AW-120,/zeroz Brand Site,CSS Design Awards,Website of the Day,2026,2026-07-27,food/drink,https://www.cssdesignawards.com/sites/zeroz-brand-site/49725/,https://otsuka-air.jp/,D0,2026-09-16
AW-121,100 Lost Species,CSS Design Awards,Website of the Day,2026,2026-07-07,education,https://www.cssdesignawards.com/sites/100-lost-species/49386/,https://www.100lostspecies.com/,D0,2026-09-16
AW-122,AIR,CSS Design Awards,Website of the Day,2026,2026-06-23,real estate,https://www.cssdesignawards.com/sites/air/49476/,https://aircenter.space/,D0,2026-09-16
AW-123,ARCHIDOMO,CSS Design Awards,Website of the Day,2026,2026-03-13,real estate,https://www.cssdesignawards.com/sites/archidomo/48976/,https://www.archidomo.fr/en/,D0,2026-09-16
AW-124,Artem Shcherban,CSS Design Awards,Website of the Day,2026,2026-03-24,web design/dev,https://www.cssdesignawards.com/sites/artem-shcherban/49041,https://artemshcherban.com/,D0,2026-09-16
AW-125,AVA SRG,CSS Design Awards,Website of the Day,2026,2026-02-03,web design/dev,https://www.cssdesignawards.com/sites/ava-srg/48792/,https://srg.ava-digital.site/en,D0,2026-09-16
AW-126,Avantgarde Artist Agency,CSS Design Awards,Website of the Day,2026,2026-02-27,agency,https://www.cssdesignawards.com/sites/avantgarde-artist-agency/48933/,https://www.avantgardeartistsagency.com/,D0,2026-09-16
AW-127,Bay Harbor Towers,CSS Design Awards,Website of the Day,2026,2026-02-01,real estate,https://www.cssdesignawards.com/sites/bay-harbor-towers/48753/,https://bayharbortowers.com/,D0,2026-09-16
AW-128,Ceragres,CSS Design Awards,Website of the Day,2026,2026-08-25,products,https://www.cssdesignawards.com/sites/ceragres/49917/,https://www.ceragres.ca/,D0,2026-09-16
AW-129,Charmer Studio,CSS Design Awards,Website of the Day,2026,2026-06-01,agency,https://www.cssdesignawards.com/sites/charmer-studio/49347/,https://charmerstudio.com,D0,2026-09-16
AW-130,Cipher,CSS Design Awards,Website of the Day,2026,2026-07-23,agency,https://www.cssdesignawards.com/sites/cipher/49685/,https://cipher.tv/,D0,2026-09-16
AW-131,Cobloc,CSS Design Awards,Website of the Day,2026,2026-07-12,real estate,https://www.cssdesignawards.com/sites/cobloc/49632/,https://www.cobloc.archi/,D0,2026-09-16
AW-132,Cula Technologies,CSS Design Awards,Website of the Day,2026,2026-07-28,services,https://www.cssdesignawards.com/sites/cula-technologies/49729/,https://www.cula.tech/,D0,2026-09-16
AW-133,Curio Tech,CSS Design Awards,Website of the Day,2026,2026-07-04,other,https://www.cssdesignawards.com/sites/curio-tech/49581/,https://www.curiotech.co.jp/recruit/,D0,2026-09-16
AW-134,Detroit Paris,CSS Design Awards,Website of the Day,2026,2026-04-01,agency,https://www.cssdesignawards.com/sites/detroit-paris/49071/,https://www.detroit.paris/,D0,2026-09-16
AW-135,Don Molinico,CSS Design Awards,Website of the Day,2026,2026-04-16,food/drink,https://www.cssdesignawards.com/sites/don-molinico/49162,https://www.donmolinico.es/,D0,2026-09-16
AW-136,Explore Primland,CSS Design Awards,Website of the Day,2026,2026-02-07,real estate,https://www.cssdesignawards.com/sites/explore-primland/48816/,https://explore.ownprimland.com/,D0,2026-09-16
AW-137,Flexis,CSS Design Awards,Website of the Day,2026,2026-01-04,products,https://www.cssdesignawards.com/sites/flexis/48644/,https://flexis-mobility.com/,D0,2026-09-16
AW-138,Flowty,CSS Design Awards,Website of the Day,2026,2026-07-18,app,https://www.cssdesignawards.com/sites/flowty/49620/,https://flowty.co,D0,2026-09-16
AW-139,"Foudre, Human Social Club",CSS Design Awards,Website of the Day,2026,2026-02-10,agency,https://www.cssdesignawards.com/sites/foudre-human-social-club/48827/,https://www.agencefoudre.com/,D0,2026-09-16
AW-140,Fourmula AI,CSS Design Awards,Website of the Day,2026,2026-02-23,web design/dev,https://www.cssdesignawards.com/sites/fourmula-ai/48880/,https://fourmula.ai,D0,2026-09-16
AW-141,fromanother.love,CSS Design Awards,Website of the Day,2026,2026-05-12,agency,https://www.cssdesignawards.com/sites/fromanother-love/49291/,https://www.fromanother.love/,D0,2026-09-16
AW-142,GastroTools - Product Launch,CSS Design Awards,Website of the Day,2026,2026-01-08,products,https://www.cssdesignawards.com/sites/gastrotools-product-launch/48406/,https://www.gastrotools.dk/pages/stoebejernsgryder,D0,2026-09-16
AW-143,Get Blue,CSS Design Awards,Website of the Day,2026,2026-07-14,services,https://www.cssdesignawards.com/sites/get-blue/49617/,https://www.getblue.com/,D0,2026-09-16
AW-144,Graffico Office,CSS Design Awards,Website of the Day,2026,2026-08-28,agency,https://www.cssdesignawards.com/sites/graffico-office/49998/,https://office.graffico.it/,D0,2026-09-16
AW-145,HACKFIRST™,CSS Design Awards,Website of the Day,2026,2026-08-24,agency,https://www.cssdesignawards.com/sites/hackfirst/49895/,https://hackfirst.io/,D0,2026-09-16
AW-146,Heirest,CSS Design Awards,Website of the Day,2026,2026-09-04,products,https://www.cssdesignawards.com/sites/heirest/49963/,https://heirest.com/,D0,2026-09-16
AW-147,House of Honey,CSS Design Awards,Website of the Day,2026,2026-06-21,agency,https://www.cssdesignawards.com/sites/house-of-honey/49500/,https://www.houseofhoney.com/,D0,2026-09-16
AW-148,House Of Yellow,CSS Design Awards,Website of the Day,2026,2026-08-16,agency,https://www.cssdesignawards.com/sites/house-of-yellow/49823/,https://houseofyellow.nl,D0,2026-09-16
AW-149,HUPR,CSS Design Awards,Website of the Day,2026,2026-04-28,art,https://www.cssdesignawards.com/sites/hupr/49226/,https://hupr.ca/en/,D0,2026-09-16
AW-150,Icare — A WorldLabs Showcase,CSS Design Awards,Website of the Day,2026,2026-07-05,entertainment,https://www.cssdesignawards.com/sites/icare-a-worldlabs-showcase/49579,https://www.icare-game.world,D0,2026-09-16
AW-151,ICOMAT,CSS Design Awards,Website of the Day,2026,2026-03-25,other,https://www.cssdesignawards.com/sites/icomat/49049/,https://www.icomat.co.uk,D0,2026-09-16
AW-152,Indrajaal,CSS Design Awards,Website of the Day,2026,2026-04-05,web design/dev,https://www.cssdesignawards.com/sites/indrajaal/49101/,https://www.indrajaal-museum.com/,D0,2026-09-16
AW-153,INSULAE - Architettura Integrata,CSS Design Awards,Website of the Day,2026,2026-04-27,services,https://www.cssdesignawards.com/sites/insulae/49196/,https://www.insulaesrl.it,D0,2026-09-16
AW-154,Jonas Reymondin — Folio:06,CSS Design Awards,Website of the Day,2026,2026-01-15,web design/dev,https://www.cssdesignawards.com/sites/jonas-reymondin-folio-06/48698/,https://jonasreymondin.com,D0,2026-09-16
AW-155,Kudanil Explorer,CSS Design Awards,Website of the Day,2026,2026-01-12,travel,https://www.cssdesignawards.com/sites/kudanil-explorer/48350/,https://www.kudanil.com/,D0,2026-09-16
AW-156,Le Mans Classic,CSS Design Awards,Website of the Day,2026,2026-07-16,photography,https://www.cssdesignawards.com/sites/le-mans-classic/49651/,https://lemansclassic.richardmille.com/,D0,2026-09-16
AW-157,Lightweight,CSS Design Awards,Website of the Day,2026,2026-01-30,sport,https://www.cssdesignawards.com/sites/lightweight/48763/,https://lightweight.info/en,D0,2026-09-16
AW-158,Longbow,CSS Design Awards,Website of the Day,2026,2026-06-09,products,https://www.cssdesignawards.com/sites/longbow/49430/,https://db-longbow.webflow.io/,D0,2026-09-16
AW-159,Measured,CSS Design Awards,Website of the Day,2026,2026-01-26,web design/dev,https://cssdesignawards.com/sites/measured/48751/,https://www.measured.site,D0,2026-09-16
AW-160,Melius,CSS Design Awards,Website of the Day,2026,2026-08-17,other,https://www.cssdesignawards.com/sites/melius/49870/,https://www.melius.com/,D0,2026-09-16
AW-161,Melvin Winkeler,CSS Design Awards,Website of the Day,2026,2026-03-08,photography,https://www.cssdesignawards.com/sites/melvin-winkeler/48955/,https://www.melvinwinkeler.com/,D0,2026-09-16
AW-162,Metajive,CSS Design Awards,Website of the Day,2026,2026-05-06,agency,https://www.cssdesignawards.com/sites/metajive/49249/,https://metajive.com,D0,2026-09-16
AW-163,MILEZ,CSS Design Awards,Website of the Day,2026,2026-01-23,art,https://www.cssdesignawards.com/sites/milez/48734/,https://milez.jp,D0,2026-09-16
AW-164,MilleDollars,CSS Design Awards,Website of the Day,2026,2026-08-08,agency,https://www.cssdesignawards.com/sites/milledollars/49776/,https://milledollars.fr/,D0,2026-09-16
AW-165,Mission Control,CSS Design Awards,Website of the Day,2026,2026-01-09,agency,https://www.cssdesignawards.com/sites/mission-control/48282/,https://missioncontrol.co,D0,2026-09-16
AW-166,MONOLOG,CSS Design Awards,Website of the Day,2026,2026-06-19,agency,https://www.cssdesignawards.com/sites/monolog/49486,https://bymonolog.com/,D0,2026-09-16
AW-167,Morten Stig Christensen,CSS Design Awards,Website of the Day,2026,2026-04-22,web design/dev,https://www.cssdesignawards.com/sites/morten-stig-christensen/49185/,https://www.mschristensen.com/,D0,2026-09-16
AW-168,Nivis Gear,CSS Design Awards,Website of the Day,2026,2026-04-25,products,https://www.cssdesignawards.com/sites/nivis-gear/49187/,https://www.nivisgear.com/,D0,2026-09-16
AW-169,No Football Colors,CSS Design Awards,Website of the Day,2026,2026-06-06,sport,https://www.cssdesignawards.com/sites/no-football-colors/49377/,https://nofootballcolors.com/,D0,2026-09-16
AW-170,ONYX,CSS Design Awards,Website of the Day,2026,2026-05-16,agency,https://www.cssdesignawards.com/sites/onyx/49288/,https://onyxproject.com/,D0,2026-09-16
AW-171,Orgnzm Studio,CSS Design Awards,Website of the Day,2026,2026-08-10,agency,https://www.cssdesignawards.com/sites/orgnzm-studio/49814/,https://orgnzm.studio/,D0,2026-09-16
AW-172,PARADE Development,CSS Design Awards,Website of the Day,2026,2026-03-10,real estate,https://www.cssdesignawards.com/sites/parade-development/48961/,https://paradegroup.ru/,D0,2026-09-16
AW-173,Pasha Kontur — Portfolio,CSS Design Awards,Website of the Day,2026,2026-04-18,web design/dev,https://www.cssdesignawards.com/sites/pasha-kontur/49109/,https://konturpasha.vercel.app/,D0,2026-09-16
AW-174,PieterKoopt®,CSS Design Awards,Website of the Day,2026,2026-05-08,art,https://www.cssdesignawards.com/sites/pieterkoopt/49290,https://pieterkoopt.nl,D0,2026-09-16
AW-175,Price & Pierce,CSS Design Awards,Website of the Day,2026,2026-05-28,services,https://www.cssdesignawards.com/sites/price-pierce/49378/,https://www.price-pierce.co.uk/,D0,2026-09-16
AW-176,Produx,CSS Design Awards,Website of the Day,2026,2026-06-13,agency,https://www.cssdesignawards.com/sites/produx/49444/,https://www.produx.design/,D0,2026-09-16
AW-177,Pulztronic,CSS Design Awards,Website of the Day,2026,2026-04-11,products,https://www.cssdesignawards.com/sites/pulztronic/49126/,https://www.pulz.ai/,D0,2026-09-16
AW-178,RabenRifaie,CSS Design Awards,Website of the Day,2026,2026-05-10,agency,https://www.cssdesignawards.com/sites/rabenrifaie/49221/,https://www.rabenrifaie.com/,D0,2026-09-16
AW-179,Razed Mods,CSS Design Awards,Website of the Day,2026,2026-08-06,entertainment,https://www.cssdesignawards.com/sites/razed-mods/49748/,https://razed-mods.webflow.io/,D0,2026-09-16
AW-180,RELM — Where value flows,CSS Design Awards,Website of the Day,2026,2026-01-06,services,https://www.cssdesignawards.com/sites/relm/48470/,https://www.relm.co/,D0,2026-09-16
AW-181,Revelatio Studio,CSS Design Awards,Website of the Day,2026,2026-08-21,agency,https://www.cssdesignawards.com/sites/revelatio-studio/49911/,https://revelatio.studio/,D0,2026-09-16
AW-182,sakazuki,CSS Design Awards,Website of the Day,2026,2026-05-25,community,https://www.cssdesignawards.com/sites/sakazuki/49344/,https://sakazuki.io,D0,2026-09-16
AW-183,Save Design,CSS Design Awards,Website of the Day,2026,2026-03-11,app,https://www.cssdesignawards.com/sites/save-design/48972/,https://save.design,D0,2026-09-16
AW-184,Saze,CSS Design Awards,Website of the Day,2026,2026-02-28,agency,https://www.cssdesignawards.com/sites/saze/48887/,https://saze.co.jp/,D0,2026-09-16
AW-185,Scheme Engine,CSS Design Awards,Website of the Day,2026,2026-08-18,agency,https://www.cssdesignawards.com/sites/scheme-engine/49867/,https://www.schemeengine.com/,D0,2026-09-16
AW-186,Shift 5,CSS Design Awards,Website of the Day,2026,2026-02-05,services,https://www.cssdesignawards.com/sites/shift-5/48800/,https://shift5.io,D0,2026-09-16
AW-187,Sirnik — Webflow Design Studio,CSS Design Awards,Website of the Day,2026,2026-04-03,agency,https://www.cssdesignawards.com/sites/sirnik-webflow-design-studio/49061/,https://www.sirnik.co/,D0,2026-09-16
AW-188,SOM Power,CSS Design Awards,Website of the Day,2026,2026-03-27,food/drink,https://www.cssdesignawards.com/sites/som-power/49068/,https://www.drinksom.eu,D0,2026-09-16
AW-189,Son Daven,CSS Design Awards,Website of the Day,2026,2026-08-07,travel,https://www.cssdesignawards.com/sites/son-daven/49788/,https://sondaven.com/en,D0,2026-09-16
AW-190,Springs,CSS Design Awards,Website of the Day,2026,2026-03-23,real estate,https://www.cssdesignawards.com/sites/springs/49029/,https://springs.estate/,D0,2026-09-16
AW-191,Stress Release Microsite,CSS Design Awards,Website of the Day,2026,2026-02-14,web design/dev,https://www.cssdesignawards.com/sites/stress-release-microsite/48848/,https://stressreleasegame.isadoradigitalagency.com/,D0,2026-09-16
AW-192,Studio K95,CSS Design Awards,Website of the Day,2026,2026-07-08,agency,https://www.cssdesignawards.com/sites/studio-k95/49604/,https://www.k95.it,D0,2026-09-16
AW-193,Studio X,CSS Design Awards,Website of the Day,2026,2026-04-08,agency,https://www.cssdesignawards.com/sites/studio-x/49110/,https://www.thisisstudiox.com,D0,2026-09-16
AW-194,Ten Years Away,CSS Design Awards,Website of the Day,2026,2026-06-10,agency,https://www.cssdesignawards.com/sites/ten-years-away/49441/,https://ten.375.studio/en,D0,2026-09-16
AW-195,The Cosmic Stage,CSS Design Awards,Website of the Day,2026,2026-03-28,education,https://www.cssdesignawards.com/sites/the-cosmic-stage/48993/,https://thecosmicstage.com/,D0,2026-09-16
AW-196,The Renaissance Edition,CSS Design Awards,Website of the Day,2026,2026-02-17,web design/dev,https://www.cssdesignawards.com/sites/the-renaissance-edition/48847/,https://www.shopify.com/editions/winter2026,D1,2026-09-16
AW-197,The Scope Creep,CSS Design Awards,Website of the Day,2026,2026-01-11,entertainment,https://www.cssdesignawards.com/sites/the-scope-creep/48447/,https://scope-creep.xyz,D0,2026-09-16
AW-198,The State of the Gallery,CSS Design Awards,Website of the Day,2026,2026-09-09,web design/dev,https://www.cssdesignawards.com/sites/the-state-of-the-gallery/50016/,https://mesh3d.gallery/the-state-of-the-gallery,D0,2026-09-16
AW-199,TKS WORLD,CSS Design Awards,Website of the Day,2026,2026-02-08,education,https://www.cssdesignawards.com/sites/tks-world/48814/,https://www.tks.world/,D0,2026-09-16
AW-200,TRIONN,CSS Design Awards,Website of the Day,2026,2026-06-29,agency,https://www.cssdesignawards.com/sites/trionn/49548/,https://trionn.com,D0,2026-09-16
AW-201,Union,CSS Design Awards,Website of the Day,2026,2026-08-15,other,https://www.cssdesignawards.com/sites/union/49845/,https://db-union-awards.webflow.io/,D0,2026-09-16
AW-202,Utopia Tokyo,CSS Design Awards,Website of the Day,2026,2026-03-19,web design/dev,https://www.cssdesignawards.com/sites/utopia-tokyo/48995/,https://www.utopiatokyo.com/,D0,2026-09-16
AW-203,V&M Devs,CSS Design Awards,Website of the Day,2026,2026-02-22,web design/dev,https://www.cssdesignawards.com/sites/v-m-devs/48874/,https://promo.vmdevs.xyz/,D0,2026-09-16
AW-204,Vero New-York,CSS Design Awards,Website of the Day,2026,2026-07-13,products,https://www.cssdesignawards.com/sites/vero-new-york/49611/,https://www.verostudio.com/,D0,2026-09-16
AW-205,Vizcom,CSS Design Awards,Website of the Day,2026,2026-03-04,app,https://www.cssdesignawards.com/sites/vizcom/48900/,https://vizcom.com,D0,2026-09-16
AW-206,Westbourne Grammar School,CSS Design Awards,Website of the Day,2026,2026-01-25,education,https://www.cssdesignawards.com/sites/westbourne-grammar-school/48555/,https://www.westbournegrammar.com/,D0,2026-09-16
AW-207,WGB,CSS Design Awards,Website of the Day,2026,2026-05-01,agency,https://www.cssdesignawards.com/sites/wgb/49244/,https://wgb.agency/,D0,2026-09-16
AW-208,Where Worlds Take Shape,CSS Design Awards,Website of the Day,2026,2026-03-03,web design/dev,https://www.cssdesignawards.com/sites/where-worlds-take-shape/48947/,https://paodao.fr/,D0,2026-09-16
AW-209,WORKERS' HARMONY,CSS Design Awards,Website of the Day,2026,2026-04-15,real estate,https://www.cssdesignawards.com/sites/workers-harmony/49146/,https://office-workers.nskre.co.jp/,D0,2026-09-16
AW-210,©Design by Dylan,CSS Design Awards,Website of the Day,2026,2026-01-18,web design/dev,https://www.cssdesignawards.com/sites/design-by-dylan/48709/,https://www.dylanbrouwer.design/,D0,2026-09-16
AW-211,Gewobag Online Annual and Sustainability Report 2023 – Impulse of Time,Red Dot,Red Dot: Grand Prix,2025,,Brands & Communication Design / Online Annual and Sustainability Report,https://www.red-dot.org/de/project/gewobag-online-annual-and-sustainability-report-2023-impulse-of-time-84473,,D0,2026-09-16
AW-212,Obama Foundation,Red Dot,Red Dot: Grand Prix,2025,,Brands & Communication Design / Website Relaunch,https://www.red-dot.org/de/project/obama-foundation-84833,https://obama.org/,D0,2026-09-16
AW-213,Google Fonts redesign,The Webby Awards,Webby Winner,2024,,Websites and Mobile Sites / Best User Interface,https://winners.webbyawards.com/winners/websites-and-mobile-sites/features-design/best-user-interface,https://fonts.google.com/,D0,2026-09-16
AW-214,Craft Docs,The Webby Awards,Webby Winner,2025,,Apps & Software / Best User Interface,https://winners.webbyawards.com/2025/apps-software/app-features/best-user-interface/333811/craft-docs,,D1,2026-09-16
AW-215,Grill’d,The Webby Awards,People's Voice Winner,2025,,Apps & Software / Best User Interface,https://winners.webbyawards.com/2025/apps-software/app-features/best-user-interface/332974/grilld,,D0,2026-09-16
AW-216,Rijksmuseum Collection Online,The Webby Awards,Webby Winner; People's Voice Winner,2025,,Websites and Mobile Sites / Best User Interface,https://winners.webbyawards.com/2025/websites-and-mobile-sites/features-design/best-user-interface/333807/rijksmuseum-collection-online,,D1,2026-09-16
